-- MySQL dump 10.13  Distrib 8.0.44, for Win64 (x86_64)
--
-- Host: localhost    Database: ticketing
-- ------------------------------------------------------
-- Server version	8.0.44

/*!40101 SET @OLD_CHARACTER_SET_CLIENT=@@CHARACTER_SET_CLIENT */;
/*!40101 SET @OLD_CHARACTER_SET_RESULTS=@@CHARACTER_SET_RESULTS */;
/*!40101 SET @OLD_COLLATION_CONNECTION=@@COLLATION_CONNECTION */;
/*!50503 SET NAMES utf8 */;
/*!40103 SET @OLD_TIME_ZONE=@@TIME_ZONE */;
/*!40103 SET TIME_ZONE='+00:00' */;
/*!40014 SET @OLD_UNIQUE_CHECKS=@@UNIQUE_CHECKS, UNIQUE_CHECKS=0 */;
/*!40014 SET @OLD_FOREIGN_KEY_CHECKS=@@FOREIGN_KEY_CHECKS, FOREIGN_KEY_CHECKS=0 */;
/*!40101 SET @OLD_SQL_MODE=@@SQL_MODE, SQL_MODE='NO_AUTO_VALUE_ON_ZERO' */;
/*!40111 SET @OLD_SQL_NOTES=@@SQL_NOTES, SQL_NOTES=0 */;

--
-- Table structure for table `categories`
--

DROP TABLE IF EXISTS categories;
/*!40101 SET @saved_cs_client     = @@character_set_client */;
/*!50503 SET character_set_client = utf8mb4 */;
CREATE TABLE categories (
  id bigint unsigned NOT NULL AUTO_INCREMENT,
  `name` varchar(255) COLLATE utf8mb4_unicode_ci NOT NULL,
  created_at timestamp NULL DEFAULT NULL,
  updated_at timestamp NULL DEFAULT NULL,
  PRIMARY KEY (id)
) ENGINE=InnoDB AUTO_INCREMENT=8 DEFAULT CHARSET=utf8mb4 COLLATE=utf8mb4_unicode_ci;
/*!40101 SET character_set_client = @saved_cs_client */;

--
-- Dumping data for table `categories`
--

LOCK TABLES categories WRITE;
/*!40000 ALTER TABLE categories DISABLE KEYS */;
INSERT INTO categories VALUES (1,'BANGUNAN','2025-11-21 00:45:51','2025-11-21 00:46:07'),(2,'ELEKTRIK','2025-11-21 00:46:00','2025-11-21 00:46:12'),(3,'INFRASTRUKTUR','2025-11-21 00:46:21','2025-11-21 00:46:21'),(4,'KEMUDAHAN ICT','2025-11-21 00:46:30','2025-11-21 00:46:30'),(5,'LANSKAP','2025-11-21 00:46:36','2025-11-21 00:46:36'),(6,'PERALATAN PEJABAT','2025-11-21 00:46:45','2025-11-21 00:46:45'),(7,'TELEKOMUNIKASI','2025-11-21 00:46:57','2025-11-21 00:46:57');
/*!40000 ALTER TABLE categories ENABLE KEYS */;
UNLOCK TABLES;

--
-- Table structure for table `migrations`
--

DROP TABLE IF EXISTS migrations;
/*!40101 SET @saved_cs_client     = @@character_set_client */;
/*!50503 SET character_set_client = utf8mb4 */;
CREATE TABLE migrations (
  id int unsigned NOT NULL AUTO_INCREMENT,
  migration varchar(255) COLLATE utf8mb4_unicode_ci NOT NULL,
  batch int NOT NULL,
  PRIMARY KEY (id)
) ENGINE=InnoDB AUTO_INCREMENT=23 DEFAULT CHARSET=utf8mb4 COLLATE=utf8mb4_unicode_ci;
/*!40101 SET character_set_client = @saved_cs_client */;

--
-- Dumping data for table `migrations`
--

LOCK TABLES migrations WRITE;
/*!40000 ALTER TABLE migrations DISABLE KEYS */;
INSERT INTO migrations VALUES (1,'0001_01_01_000000_create_users_table',1),(2,'0001_01_01_000001_create_cache_table',1),(3,'0001_01_01_000002_create_jobs_table',1),(4,'2024_06_09_000000_create_departments_table',1),(5,'2024_06_09_000001_create_vendors_table',1),(6,'2024_06_09_000002_create_ticket_statuses_table',1),(7,'2024_06_09_000003_add_vendor_id_and_department_id_to_users_table',1),(8,'2024_06_09_000004_create_tickets_table',1),(9,'2024_06_09_000005_create_ticket_user_table',1),(10,'2024_06_09_000006_create_comments_table',1),(11,'2024_06_09_000007_create_categories_table',1),(12,'2024_06_09_000008_add_category_id_to_tickets_table',1),(13,'2024_06_09_000009_add_user_type_to_users_table',1),(14,'2024_06_09_000010_add_color_to_ticket_statuses_table',1),(15,'2024_06_09_000011_add_default_status_to_ticket_statuses_table',1),(16,'2025_11_02_012518_create_notifications_table',1),(17,'2025_11_02_020503_allow_null_user_id_in_comments_table',1),(18,'2025_11_02_021315_add_default_admin_user',1),(19,'2025_11_19_074347_create_report_types_table',1),(20,'2025_11_19_085113_add_category_id_to_report_types_table',1),(21,'2025_11_21_024106_create_reports_table',1),(22,'2025_12_04_025402_add_report_columns_to_tickets_table',2);
/*!40000 ALTER TABLE migrations ENABLE KEYS */;
UNLOCK TABLES;

--
-- Table structure for table `report_types`
--

DROP TABLE IF EXISTS report_types;
/*!40101 SET @saved_cs_client     = @@character_set_client */;
/*!50503 SET character_set_client = utf8mb4 */;
CREATE TABLE report_types (
  id bigint unsigned NOT NULL AUTO_INCREMENT,
  `name` varchar(255) COLLATE utf8mb4_unicode_ci NOT NULL,
  created_at timestamp NULL DEFAULT NULL,
  updated_at timestamp NULL DEFAULT NULL,
  category_id bigint unsigned NOT NULL,
  PRIMARY KEY (id),
  KEY report_types_category_id_foreign (category_id),
  CONSTRAINT report_types_category_id_foreign FOREIGN KEY (category_id) REFERENCES categories (id) ON DELETE CASCADE
) ENGINE=InnoDB AUTO_INCREMENT=31 DEFAULT CHARSET=utf8mb4 COLLATE=utf8mb4_unicode_ci;
/*!40101 SET character_set_client = @saved_cs_client */;

--
-- Dumping data for table `report_types`
--

LOCK TABLES report_types WRITE;
/*!40000 ALTER TABLE report_types DISABLE KEYS */;
INSERT INTO report_types VALUES (1,'Bekalan Air',NULL,NULL,1),(2,'Lif',NULL,NULL,1),(3,'Pencegah Kebakaran',NULL,NULL,1),(4,'Kerosakan Pintu',NULL,NULL,1),(5,'Pemadam Api',NULL,NULL,1),(6,'Penyaman Udara',NULL,NULL,1),(7,'Mesin Perakam Waktu',NULL,NULL,1),(8,'Kebersihan Dalam Bangunan',NULL,NULL,1),(9,'Mesin Air Sejuk/Panas',NULL,NULL,1),(10,'Kerosakan Bangunan',NULL,NULL,1),(11,'Peralatan Tandas Dan Plumbing',NULL,NULL,1),(12,'Sanitac Bin',NULL,NULL,1),(13,'Lampu Dalam Bangunan',NULL,NULL,2),(14,'Lampu Luar Bangunan',NULL,NULL,2),(15,'Bekalan Elektrik',NULL,NULL,2),(16,'Pepasangan Elektrik',NULL,NULL,2),(17,'Sistem Siaraya (PA System)',NULL,NULL,2),(18,'Sistem Audio Visual',NULL,NULL,2),(19,'Infrastruktur',NULL,NULL,3),(20,'Perkakasan/Perisian',NULL,NULL,4),(21,'Rangkaian & Capaian Internet',NULL,NULL,4),(22,'Sistem Servis',NULL,NULL,4),(23,'Sistem Operasi (OS)',NULL,NULL,4),(24,'Aplikasi Sistem',NULL,NULL,4),(25,'Perkhidmatan Lanskap',NULL,NULL,5),(26,'Peralatan Pejabat',NULL,NULL,6),(27,'Telefon',NULL,NULL,7),(28,'Door Access',NULL,NULL,7),(29,'CCTV',NULL,NULL,7),(30,'Walkie Talkie',NULL,NULL,7);
/*!40000 ALTER TABLE report_types ENABLE KEYS */;
UNLOCK TABLES;

--
-- Table structure for table `reports`
--

DROP TABLE IF EXISTS reports;
/*!40101 SET @saved_cs_client     = @@character_set_client */;
/*!50503 SET character_set_client = utf8mb4 */;
CREATE TABLE reports (
  id bigint unsigned NOT NULL AUTO_INCREMENT,
  report_type_id bigint unsigned NOT NULL,
  `name` varchar(255) COLLATE utf8mb4_unicode_ci NOT NULL,
  created_at timestamp NULL DEFAULT NULL,
  updated_at timestamp NULL DEFAULT NULL,
  PRIMARY KEY (id),
  KEY reports_report_type_id_foreign (report_type_id),
  CONSTRAINT reports_report_type_id_foreign FOREIGN KEY (report_type_id) REFERENCES report_types (id) ON DELETE CASCADE
) ENGINE=InnoDB AUTO_INCREMENT=985 DEFAULT CHARSET=utf8mb4 COLLATE=utf8mb4_unicode_ci;
/*!40101 SET character_set_client = @saved_cs_client */;

--
-- Dumping data for table `reports`
--

LOCK TABLES reports WRITE;
/*!40000 ALTER TABLE reports DISABLE KEYS */;
INSERT INTO reports VALUES (739,1,'PAIP BEKALAN AIR PECAH',NULL,NULL),(740,1,'PAIP BEKALAN BOCOR',NULL,NULL),(741,1,'TANGKI AIR MELIMPAH',NULL,NULL),(742,1,'TIADA BEKALAN AIR SATU BANGUNAN',NULL,NULL),(743,1,'LAIN-LAIN ADUAN KEROSAKAN BEKALAN AIR',NULL,NULL),(744,2,'BUTTON LIF ROSAK',NULL,NULL),(745,2,'KIPAS LIF TIDAK BERFUNGSI',NULL,NULL),(746,2,'LIF TIDAK BERFUNGSI',NULL,NULL),(747,2,'LIF TERGENDALA/PENUMPANG TERPERANGKAP',NULL,NULL),(748,2,'LAMPU LIF TIDAK MENYALA',NULL,NULL),(749,2,'LAIN-LAIN ADUAN KEROSAKAN LIF',NULL,NULL),(750,3,'TANGKI ARI PENCEGAH KEBAKARAN (MERAH) BOCOR/OVERFLOW',NULL,NULL),(751,3,'PILI BOMBA BOCOR ',NULL,NULL),(752,3,'LOCENG KECEMASAN PENCEGAH KEBAKARAN BERBUNYI',NULL,NULL),(753,3,'PANEL PENGGERA KEBAKARAN TIADA BEKALAN KUASA',NULL,NULL),(754,3,'KABINET PANEL PENGGERA KAWALAN ROSAK',NULL,NULL),(755,3,'FUME DETECTOR',NULL,NULL),(756,3,'LAIN-LAIN ADUAN KEROSAKAN PENCEGAH KEBAKARAN',NULL,NULL),(757,4,'DOOR CLOSER ROSAK/TAK BERFUNGSI',NULL,NULL),(758,4,'KUNCI PINTU ROSAK',NULL,NULL),(759,4,'PINTU TERKUNCI',NULL,NULL),(760,4,'SELAK PINTU ROSAK',NULL,NULL),(761,4,'JENANG/BINGKAI PINTU ROSAK',NULL,NULL),(762,4,'KUNCI/TOMBOL BERKARAT',NULL,NULL),(763,4,'PINTU PECAH',NULL,NULL),(764,4,'ANAK KUNCI PATAH',NULL,NULL),(765,4,'HANDLE PINTU PATAH/ROSAK',NULL,NULL),(766,4,'PINTU TERJATUH',NULL,NULL),(767,4,'PINTU KETAT',NULL,NULL),(768,4,'PINTU DIMAKAN ANAI-ANAI',NULL,NULL),(769,4,'LAIN-LAIN KEROSAKAN PINTU',NULL,NULL),(770,5,'HOSE REEL PEMADAM API ROSAK',NULL,NULL),(771,5,'PEMADAM API TIDAK BERFUNGSI',NULL,NULL),(772,5,'NOZZLE PEMADAM API PATAH',NULL,NULL),(773,5,'KABINET HOSE REEL ROSAK',NULL,NULL),(774,5,'PEMADAM API TAMAT TEMPOH',NULL,NULL),(775,5,'GATE VALVE HOSE REEL PEMADAM API HILANG',NULL,NULL),(776,5,'VALVE PEMANDAM API BOCOR',NULL,NULL),(777,5,'LAIN-LAIN ADUAN KEROSAKAN PEMADAM API',NULL,NULL),(778,6,'STARTER PENYAMAN UDARA ROSAK',NULL,NULL),(779,6,'PENYAMAN UDARA TIDAK BERFUNGSI',NULL,NULL),(780,6,'PENYAMAN UDARA TIDAK SEJUK',NULL,NULL),(781,6,'AIR MENITIK DARI PENYAMAN UDARA',NULL,NULL),(782,6,'PENYAMAN UDARA BERBAU BUSUK',NULL,NULL),(783,6,'BUNYI BISING PADA PENYAMAN UDARA',NULL,NULL),(784,6,'LAIN-LAIN ADUAN KEROSAKAN PENYAMAN UDARA',NULL,NULL),(785,7,'MESIN PERAKAM TIDAK BERFUNGSI',NULL,NULL),(786,7,'MASA PADA MESIN PERAKAM TIDAK TEPAT',NULL,NULL),(787,7,'MELODI MESIN PERAKAM TIDAK BERFUNGSI',NULL,NULL),(788,7,'LAIN-LAIN ADUAN KEROSAKAN MESIN PERAKAM WAKTU',NULL,NULL),(789,8,'TIADA TISU (TANDAS)',NULL,NULL),(790,8,'TIADA SABUN (TANDAS)',NULL,NULL),(791,8,'TANDAS KOTOR',NULL,NULL),(792,8,'SILING/DINDING BERSAWANG',NULL,NULL),(793,8,'LANTAI KOTOR',NULL,NULL),(794,8,'PAPAN PUTIH TIDAK DIBERSIHKAN',NULL,NULL),(795,8,'BANGUNAN KOTOR',NULL,NULL),(796,8,'SAMPAH TIDAK DIPUNGUT',NULL,NULL),(797,8,'PERABOT/PERALATAN BERHABUK',NULL,NULL),(798,8,'KARPET BERBAU/KOTOR',NULL,NULL),(799,8,'TANDAS BERBAU BUSUK',NULL,NULL),(800,8,'BANGUNAN BERBAU',NULL,NULL),(801,8,'LAIN-LAIN ADUAN KEBERSIHAN BANGUNAN',NULL,NULL),(802,9,'PENAPIS BEKALAN MESIN AIR KOTOR',NULL,NULL),(803,9,'MESIN AIR SEJUK/PANAS TAK BERFUNGSI',NULL,NULL),(804,9,'FRONT COVER MESIN AIR SEJUK TERTANGGAL',NULL,NULL),(805,9,'MESIN AIR SEJUK TERSUMBAT',NULL,NULL),(806,9,'PAIP BEKALAN MESIN AIR SEJUK PATAH',NULL,NULL),(807,9,'LAIN-LAIN ADUAN KEROSAKAN MESIN AIR SEJUK',NULL,NULL),(808,10,'SILING BERLUBANG',NULL,NULL),(809,10,'SILING BOCOR',NULL,NULL),(810,10,'SILING ROSAK/PECAH',NULL,NULL),(811,10,'SILING RUNTUH',NULL,NULL),(812,10,'SILING (KESAN RESAPAN AIR)',NULL,NULL),(813,10,'SILING TIDAK DIPASANG',NULL,NULL),(814,10,'CAT SILING KOTOR',NULL,NULL),(815,10,'DINDING RETAK',NULL,NULL),(816,10,'DINDING KOTOR/BERCONTENG',NULL,NULL),(817,10,'LAMINAT DINDING ROSAK/MENGELUPAS',NULL,NULL),(818,10,'BUMBUNG BOCOR',NULL,NULL),(819,10,'BUMBUNG TERCABUT',NULL,NULL),(820,10,'KAYU LANTAI PARKET DIMAKAN ANAI-ANAI',NULL,NULL),(821,10,'LANTAI BERLUBANG/PECAH',NULL,NULL),(822,10,'BLIND/LANGSIR ROSAK',NULL,NULL),(823,10,'TINGKAP KETAT',NULL,NULL),(824,10,'SELAK TUAS TINGKAP PATAH/ROSAK',NULL,NULL),(825,10,'KACA TINGKAP PECAH',NULL,NULL),(826,10,'BINGKAI TINGKAP REPUT',NULL,NULL),(827,10,'JUBIN TERTANGGAL/TERKOPEK',NULL,NULL),(828,10,'RAILING BESI TANGGA REPUT',NULL,NULL),(829,10,'SIMEN SKRID TANGGA PECAH',NULL,NULL),(830,10,'LAIN-LAIN KEROSAKAN BANGUNAN',NULL,NULL),(831,11,'TIADA BEKALAN AIR DI TANDAS',NULL,NULL),(832,11,'KEPALA PAIP BOCOR',NULL,NULL),(833,11,'KEPALA PAIP LONGGAR',NULL,NULL),(834,11,'BASIN BASUH TANGAN BOCOR',NULL,NULL),(835,11,'BASIN BASUH TANGAN PECAH',NULL,NULL),(836,11,'BASIN BASUH TANGAN TERSUMBAT',NULL,NULL),(837,11,'SALURAN TANDAS TERSUMBAT/TERSEKAT',NULL,NULL),(838,11,'TANGKI PENYIMBAH PECAH',NULL,NULL),(839,11,'BOTTLE TRAP ROSAK/BOCOR',NULL,NULL),(840,11,'FLUSH VALVE ROSAK',NULL,NULL),(841,11,'SHOWER HEAD ROSAK',NULL,NULL),(842,11,'CERMIN TANDAS PECAH/ROSAK',NULL,NULL),(843,11,'PAIP TANDAS BOCOR',NULL,NULL),(844,11,'BESI PENYANGKUT PAKAIAN TERCABUT',NULL,NULL),(845,11,'TANGKI TANDAS BOCOR/MELIMPAH',NULL,NULL),(846,11,'FLUSHING HANDLE TAK BERFUNGSI/ROSAK',NULL,NULL),(847,11,'PENDAKAP PAIP PATAH/TERCABUT',NULL,NULL),(848,11,'MANGKUK TANDAS PECAH/ROSAK',NULL,NULL),(849,11,'PELAPIK TANDAS DUDUK TIADA',NULL,NULL),(850,11,'SALURAN PERANGKAP LANTAI TERSUMBAT',NULL,NULL),(851,11,'LAIN-LAIN KEROSAKAN PERALATAN PLUMBING',NULL,NULL),(852,12,'SANITACT TIDAK TERURUS',NULL,NULL),(853,12,'SANITACT TIDAK DIPUNGUT',NULL,NULL),(854,12,'SANITACT BERBAU',NULL,NULL),(855,12,'LAIN-LAIN ADUAN SANITARY BIN',NULL,NULL),(856,13,'LAMPU MALAP',NULL,NULL),(857,13,'LAMPU BERKELIP-KELIP',NULL,NULL),(858,13,'LAMPU TIDAK MENYALA',NULL,NULL),(859,13,'LAMPU TERTANGGAL',NULL,NULL),(860,13,'LAMPU TIDAK DIPASANG',NULL,NULL),(861,13,'LAMPU TANDA KELUAR (EXIT SIGN) ROSAK',NULL,NULL),(862,13,'LAIN-LAIN ADUAN LAMPU DALAM BANGUNAN',NULL,NULL),(863,14,'TIANG LAMPU JALAN PATAH/BENGKOK',NULL,NULL),(864,14,'LAMPU JALAN TIDAK BERNYALA',NULL,NULL),(865,14,'LAIN-LAIN ADUAN LAMPU LUAR BANGUNAN',NULL,NULL),(866,15,'WAYAR/KABEL/TRUNKING TERBAKAR',NULL,NULL),(867,15,'WAYAR/KABEL/TRUNKING ELEKTRIK TERJUNTAI',NULL,NULL),(868,15,'WAYAR/KABEL/TRUNKING ELEKTRIK TERPUTUS',NULL,NULL),(869,15,'BEKALAN ELEKTRIK TERPUTUS SATU BAHAGIAN',NULL,NULL),(870,15,'BEKALAN ELEKTRIK TERPUTUS SATU ARAS',NULL,NULL),(871,15,'BEKALAN ELEKTRIK TERPUTUS SATU BANGUNAN',NULL,NULL),(872,15,'LAIN-LAIN ADUAN BEKALAN ELEKTRIK',NULL,NULL),(873,16,'SOKET SUIS TERTANGGAL',NULL,NULL),(874,16,'SOKET SUIS TERBAKAR',NULL,NULL),(875,16,'SOKET SUIS TIADA BEKALAN',NULL,NULL),(876,16,'SOKET SUIS PECAH',NULL,NULL),(877,16,'SUIS TERTANGGAL',NULL,NULL),(878,16,'SUIS PECAH',NULL,NULL),(879,16,'PINTU PAPAN AGIHAN (DB) TERTANGGAL',NULL,NULL),(880,16,'KOTAK PAPAN AGIHAN (DB) PECAH',NULL,NULL),(881,16,'KIPAS ANGIN TERTANGGAL',NULL,NULL),(882,16,'KIPAS ANGIN ROSAK',NULL,NULL),(883,16,'LAIN-LAIN ADUAN PEPASANGAN ELEKTRIK',NULL,NULL),(884,17,'SISTEM SIARAYA (PA) ROSAK',NULL,NULL),(885,17,'LAIN-LAIN KEROSAKAN SISTEM SIARAYA',NULL,NULL),(886,18,'SKRIN TAK BOLEH NAIK/TURUN',NULL,NULL),(887,18,'SKRIN KOYAK',NULL,NULL),(888,18,'SKRIN TERJATUH',NULL,NULL),(889,18,'SKRIN MULTIMEDIA TIADA GAMBAR',NULL,NULL),(890,18,'GAMBAR MULTIMEDIA SENGET',NULL,NULL),(891,18,'WARNA MULTIMEDIA BERUBAH',NULL,NULL),(892,18,'LAIN-LAIN ADUAN SISTEM AUDIO VISUAL',NULL,NULL),(893,19,'CAT JALAN PUDAR',NULL,NULL),(894,19,'BAHU JALAN ROSAK',NULL,NULL),(895,19,'PEMBAHAGI JALAN ROSAK/PECAH',NULL,NULL),(896,19,'JALAN/PARKIR BERLUBANG',NULL,NULL),(897,19,'JALAN/PARKIR MENDAP',NULL,NULL),(898,19,'DINDING PENAHAN PECAH',NULL,NULL),(899,19,'WAKAF ROSAK',NULL,NULL),(900,19,'PAGOLA ROSAK',NULL,NULL),(901,19,'BATU INTERLOCKING MENDAP',NULL,NULL),(902,19,'TAPAK SUSUR TANGGA PECAH',NULL,NULL),(903,19,'SAMBUNGAN SUSUR TANGGA PUTUS',NULL,NULL),(904,19,'PEMBENTUNG PAIP PECAH',NULL,NULL),(905,19,'PAGAR ROSAK',NULL,NULL),(906,19,'LONGKANG PECAH',NULL,NULL),(907,19,'PENUTUP LONGKANG HILAN/ROSAK',NULL,NULL),(908,19,'GRATING LONGKANG PUTUS',NULL,NULL),(909,19,'TANAH RUNTUH',NULL,NULL),(910,19,'LAIN-LAIN ADUAN KEROSAKAN INFRASTRUKTUR',NULL,NULL),(911,20,'PERISIAN TIDAK BOLEH DIBUKA',NULL,NULL),(912,20,'KOMPUTER LAMBAT',NULL,NULL),(913,20,'PRINTER ROSAK',NULL,NULL),(914,20,'KOMPUTER ROSAK',NULL,NULL),(915,20,'SERANGAN VIRUS',NULL,NULL),(916,20,'LAIN-LAIN KEROSAKAN PERKAKASAN / PERISIAN',NULL,NULL),(917,21,'NETWORK TIDAK BERFUNGSI',NULL,NULL),(918,21,'INTERNET TIDAK BERFUNGSI',NULL,NULL),(919,21,'CAPAIAN SISTEM DALAMAN TIDAK BERFUNGSI',NULL,NULL),(920,21,'WIRELESS TIDAK BOLEH BERSAMBUNG',NULL,NULL),(921,21,'ACCESS POINT TIDAK BERFUNGSI',NULL,NULL),(922,21,'SWITCH / HUB INTERNET ROSAK',NULL,NULL),(923,21,'SHARING / LINK (PRINTER/FOLDER)',NULL,NULL),(924,21,'LAIN-LAIN KEROSAKAN RANGKAIAN',NULL,NULL),(925,22,'EMAIL',NULL,NULL),(926,22,'SISTEM SAGA',NULL,NULL),(927,22,'SISTEM AWAN (CLOUD)',NULL,NULL),(928,23,'TIDAK DAPAT MASUK WINDOWS',NULL,NULL),(929,23,'LAIN-LAIN KEROSAKAN SISTEM OPERASI (OS)',NULL,NULL),(930,24,'SISTEM PERSYS',NULL,NULL),(931,24,'SISTEM SPA',NULL,NULL),(932,24,'SISTEM SPD',NULL,NULL),(933,24,'MEDIABANK',NULL,NULL),(934,24,'SISTEM LATIHAN',NULL,NULL),(935,24,'SISTEM DDMS',NULL,NULL),(936,24,'SISTEM MYBAYAR',NULL,NULL),(937,25,'LALUAN PEJALAN KAKI, DATARAN TIDAK DIBERSIHKAN',NULL,NULL),(938,25,'JALANRAYA/PARKING KENDERAAN TIDAK DISAPU',NULL,NULL),(939,25,'JALAN BERPASIR/BERMINYAK',NULL,NULL),(940,25,'LONGKANG TIDAK DIBERSIHKAN',NULL,NULL),(941,25,'SAMPAH LUAR BANGUNAN BERSEPAH',NULL,NULL),(942,25,'TONG SAMPAH KAWASAN LUAR BANGUNAN MELIMPAH',NULL,NULL),(943,25,'BUNGKUSAN SAMPAH DAUN TIDAK DIPUNGUT',NULL,NULL),(944,25,'SCUPPER DRAIN TERSUMBAT/SAMPAH TIDAK DIBERSIHKAN',NULL,NULL),(945,25,'DAHAN POKOK MELEMPAI KE STRUKTUR',NULL,NULL),(946,25,'RUMPUT PANJANG/TIDAK DIPOTONG',NULL,NULL),(947,25,'POKOK MATI / LAYU',NULL,NULL),(948,25,'DAHAN POKOK PATAH',NULL,NULL),(949,25,'POKOK TUMBANG',NULL,NULL),(950,25,'AIR PANCUT TIDAK BERFUNGSI',NULL,NULL),(951,25,'KOLAM TIDAK DIBERSIHKAN',NULL,NULL),(952,25,'PAGAR TIDAK DIBERSIHKAN',NULL,NULL),(953,25,'KEMUDAHAN AWAM (KERUSI & MEJA TAMAN, WAKAF, PAPANTADA)',NULL,NULL),(954,25,'LAIN-LAIN ADUAN LANSKAP',NULL,NULL),(955,26,'KERUSI PEJABAT',NULL,NULL),(956,26,'KERUSI BANGQUET',NULL,NULL),(957,26,'MEJA KOMPUTER',NULL,NULL),(958,26,'MEJA BANGQUET',NULL,NULL),(959,26,'MEJA MESYUARAT',NULL,NULL),(960,26,'ALMARI / KABINET / RAK',NULL,NULL),(961,26,'PARTITION / WORKSTATION',NULL,NULL),(962,26,'PETI SIMPANAN',NULL,NULL),(963,26,'WHITEBOARD',NULL,NULL),(964,26,'TROLI BANGQUET',NULL,NULL),(965,26,'LAIN-LAIN ADUAN PERALATAN PEJABAT',NULL,NULL),(966,27,'TELEFON TIADA BUNYI',NULL,NULL),(967,27,'GANGGANG TELEFON ROSAK',NULL,NULL),(968,27,'TELEFON TIDAK BOLEH MENERIMA PANGGILAN',NULL,NULL),(969,27,'TELEFON TIDAK DAPAT MEMBUAT PANGGILAN',NULL,NULL),(970,27,'TELEFON TIDAK BERFUNGSI',NULL,NULL),(971,27,'SOKET TELEFON ROSAK',NULL,NULL),(972,27,'BUTANG TELEFON  ROSAK',NULL,NULL),(973,27,'FAKS ROSAK',NULL,NULL),(974,27,'LAIN-LAIN ADUAN KEROSAKAN TELEFON',NULL,NULL),(975,28,'DOOR ACCESS TIDAK BERFUNGSI',NULL,NULL),(976,28,'DOOR ACCESS PECAH',NULL,NULL),(977,28,'DOOR ACCESS TANGGAL',NULL,NULL),(978,28,'LAIN-LAIN ADUAN KEROSAKAN DOOR ACCESS',NULL,NULL),(979,29,'CCTV TIDAK MEREKOD DATA',NULL,NULL),(980,29,'CCTV TIADA BERGAMBAR',NULL,NULL),(981,29,'LAIN-LAIN ADUAN KEROSAKAN CCTV',NULL,NULL),(982,30,'WALKIE TALKIE TIADA BUNYI',NULL,NULL),(983,30,'WALKIE TALKIE BERBUNYI BISING',NULL,NULL),(984,30,'LAIN-LAIN ADUAN KEROSAKAN WALKIE TALKIE',NULL,NULL);
/*!40000 ALTER TABLE reports ENABLE KEYS */;
UNLOCK TABLES;

--
-- Dumping routines for database 'ticketing'
--
/*!40103 SET TIME_ZONE=@OLD_TIME_ZONE */;

/*!40101 SET SQL_MODE=@OLD_SQL_MODE */;
/*!40014 SET FOREIGN_KEY_CHECKS=@OLD_FOREIGN_KEY_CHECKS */;
/*!40014 SET UNIQUE_CHECKS=@OLD_UNIQUE_CHECKS */;
/*!40101 SET CHARACTER_SET_CLIENT=@OLD_CHARACTER_SET_CLIENT */;
/*!40101 SET CHARACTER_SET_RESULTS=@OLD_CHARACTER_SET_RESULTS */;
/*!40101 SET COLLATION_CONNECTION=@OLD_COLLATION_CONNECTION */;
/*!40111 SET SQL_NOTES=@OLD_SQL_NOTES */;

-- Dump completed on 2025-12-04 12:42:40
